image_name,source,labels,weight,volume,energy,total_weight,annotation_id,annotator,lead_time,original_image_name
80.jpg,ordered_dataset,bagel,98.0,298.98,258.72,98,,,,20230927_102352.jpg
88.jpg,ordered_dataset,bagel,98.0,298.98,258.72,98,,,,20230927_102353.jpg
158.jpg,ordered_dataset,bagel,98.0,298.98,258.72,98,,,,20230927_102355.jpg
188.jpg,ordered_dataset,bagel,98.0,298.98,258.72,98,,,,20230927_102356.jpg
494.jpg,ordered_dataset,bagel,98.0,298.98,258.72,98,,,,20230927_102358.jpg
465.jpg,ordered_dataset,bagel,98.0,298.98,258.72,98,,,,20230927_102400.jpg
497.jpg,ordered_dataset,bagel,98.0,298.98,258.72,98,,,,20230927_102403.jpg
561.jpg,ordered_dataset,bagel,98.0,298.98,258.72,98,,,,20230927_102404.jpg
523.jpg,ordered_dataset,bagel,98.0,298.98,258.72,98,,,,20230927_102406.jpg
84.jpg,ordered_dataset,bagel,98.0,298.98,258.72,98,,,,20230927_102409.jpg
183.jpg,ordered_dataset,bagel,92.0,281.09,242.88,92,,,,20230927_102425.jpg
156.jpg,ordered_dataset,bagel,92.0,281.09,242.88,92,,,,20230927_102427.jpg
459.jpg,ordered_dataset,bagel,92.0,281.09,242.88,92,,,,20230927_102428.jpg
189.jpg,ordered_dataset,bagel,92.0,281.09,242.88,92,,,,20230927_102430.jpg
152.jpg,ordered_dataset,bagel,92.0,281.09,242.88,92,,,,20230927_102432.jpg
157.jpg,ordered_dataset,bagel,92.0,281.09,242.88,92,,,,20230927_102433.jpg
87.jpg,ordered_dataset,bagel,92.0,281.09,242.88,92,,,,20230927_102435.jpg
120.jpg,ordered_dataset,bagel,92.0,281.09,242.88,92,,,,20230927_102436.jpg
239.jpg,ordered_dataset,bagel,92.0,281.09,242.88,92,,,,20230927_102440.jpg
244.jpg,ordered_dataset,bagel,92.0,281.09,242.88,92,,,,20230927_102441.jpg
219.jpg,ordered_dataset,bagel,93.0,285.18,245.52,93,,,,20230927_102456.jpg
397.jpg,ordered_dataset,bagel,93.0,285.18,245.52,93,,,,20230927_102458.jpg
401.jpg,ordered_dataset,bagel,93.0,285.18,245.52,93,,,,20230927_102459.jpg
383.jpg,ordered_dataset,bagel,93.0,285.18,245.52,93,,,,20230927_102500.jpg
318.jpg,ordered_dataset,bagel,93.0,285.18,245.52,93,,,,20230927_102502.jpg
351.jpg,ordered_dataset,bagel,93.0,285.18,245.52,93,,,,20230927_102503.jpg
418.jpg,ordered_dataset,bagel,93.0,285.18,245.52,93,,,,20230927_102505.jpg
444.jpg,ordered_dataset,bagel,93.0,285.18,245.52,93,,,,20230927_102506.jpg
254.jpg,ordered_dataset,bagel,93.0,285.18,245.52,93,,,,20230927_102509.jpg
416.jpg,ordered_dataset,bagel,93.0,285.18,245.52,93,,,,20230927_102511.jpg
385.jpg,ordered_dataset,bagel,100.0,308.19,264.0,100,,,,20230927_102538.jpg
420.jpg,ordered_dataset,bagel,100.0,308.19,264.0,100,,,,20230927_102539.jpg
65.jpg,ordered_dataset,bagel,100.0,308.19,264.0,100,,,,20230927_102540.jpg
103.jpg,ordered_dataset,bagel,100.0,308.19,264.0,100,,,,20230927_102541.jpg
132.jpg,ordered_dataset,bagel,100.0,308.19,264.0,100,,,,20230927_102542.jpg
105.jpg,ordered_dataset,bagel,100.0,308.19,264.0,100,,,,20230927_102543.jpg
171.jpg,ordered_dataset,bagel,100.0,308.19,264.0,100,,,,20230927_102545.jpg
138.jpg,ordered_dataset,bagel,100.0,308.19,264.0,100,,,,20230927_102546.jpg
169.jpg,ordered_dataset,bagel,100.0,308.19,264.0,100,,,,20230927_102551.jpg
140.jpg,ordered_dataset,bagel,100.0,308.19,264.0,100,,,,20230927_102552.jpg
124.jpg,ordered_dataset,croissant,41.0,157.06,166.46,41,,,,20230927_102634.jpg
74.jpg,ordered_dataset,croissant,41.0,157.06,166.46,41,,,,20230927_102636.jpg
97.jpg,ordered_dataset,croissant,41.0,157.06,166.46,41,,,,20230927_102637.jpg
531.jpg,ordered_dataset,croissant,41.0,157.06,166.46,41,,,,20230927_102638.jpg
515.jpg,ordered_dataset,croissant,41.0,157.06,166.46,41,,,,20230927_102639.jpg
221.jpg,ordered_dataset,croissant,41.0,157.06,166.46,41,,,,20230927_102640.jpg
236.jpg,ordered_dataset,croissant,41.0,157.06,166.46,41,,,,20230927_102642.jpg
246.jpg,ordered_dataset,croissant,41.0,157.06,166.46,41,,,,20230927_102643.jpg
302.jpg,ordered_dataset,croissant,41.0,157.06,166.46,41,,,,20230927_102645.jpg
294.jpg,ordered_dataset,croissant,41.0,157.06,166.46,41,,,,20230927_102650.jpg
326.jpg,ordered_dataset,croissant,45.0,181.7,182.7,45,,,,20230927_102700.jpg
378.jpg,ordered_dataset,croissant,45.0,181.7,182.7,45,,,,20230927_102702.jpg
361.jpg,ordered_dataset,croissant,45.0,181.7,182.7,45,,,,20230927_102703.jpg
441.jpg,ordered_dataset,croissant,45.0,181.7,182.7,45,,,,20230927_102704.jpg
427.jpg,ordered_dataset,croissant,45.0,181.7,182.7,45,,,,20230927_102705.jpg
391.jpg,ordered_dataset,croissant,45.0,181.7,182.7,45,,,,20230927_102706.jpg
223.jpg,ordered_dataset,croissant,45.0,181.7,182.7,45,,,,20230927_102708.jpg
425.jpg,ordered_dataset,croissant,45.0,181.7,182.7,45,,,,20230927_102711.jpg
410.jpg,ordered_dataset,croissant,45.0,181.7,182.7,45,,,,20230927_102713.jpg
324.jpg,ordered_dataset,croissant,45.0,181.7,182.7,45,,,,20230927_102714.jpg
233.jpg,ordered_dataset,croissant,42.0,176.56,170.52,42,,,,20230927_102722.jpg
250.jpg,ordered_dataset,croissant,42.0,176.56,170.52,42,,,,20230927_102723.jpg
293.jpg,ordered_dataset,croissant,42.0,176.56,170.52,42,,,,20230927_102724.jpg
304.jpg,ordered_dataset,croissant,42.0,176.56,170.52,42,,,,20230927_102725.jpg
266.jpg,ordered_dataset,croissant,42.0,176.56,170.52,42,,,,20230927_102727.jpg
327.jpg,ordered_dataset,croissant,42.0,176.56,170.52,42,,,,20230927_102728.jpg
305.jpg,ordered_dataset,croissant,42.0,176.56,170.52,42,,,,20230927_102731.jpg
281.jpg,ordered_dataset,croissant,42.0,176.56,170.52,42,,,,20230927_102732.jpg
210.jpg,ordered_dataset,croissant,42.0,176.56,170.52,42,,,,20230927_102735.jpg
249.jpg,ordered_dataset,croissant,42.0,176.56,170.52,42,,,,20230927_102737.jpg
176.jpg,ordered_dataset,croissant,46.0,170.28,186.76,46,,,,20230927_102747.jpg
483.jpg,ordered_dataset,croissant,46.0,170.28,186.76,46,,,,20230927_102748.jpg
504.jpg,ordered_dataset,croissant,46.0,170.28,186.76,46,,,,20230927_102749.jpg
145.jpg,ordered_dataset,croissant,46.0,170.28,186.76,46,,,,20230927_102750.jpg
164.jpg,ordered_dataset,croissant,46.0,170.28,186.76,46,,,,20230927_102751.jpg
174.jpg,ordered_dataset,croissant,46.0,170.28,186.76,46,,,,20230927_102753.jpg
129.jpg,ordered_dataset,croissant,46.0,170.28,186.76,46,,,,20230927_102754.jpg
68.jpg,ordered_dataset,croissant,46.0,170.28,186.76,46,,,,20230927_102756.jpg
536.jpg,ordered_dataset,croissant,46.0,170.28,186.76,46,,,,20230927_102758.jpg
178.jpg,ordered_dataset,croissant,46.0,170.28,186.76,46,,,,20230927_102800.jpg
502.jpg,ordered_dataset,blueberry_muffin,100.0,232.74,375.0,100,,,,20230927_102832.jpg
484.jpg,ordered_dataset,blueberry_muffin,100.0,232.74,375.0,100,,,,20230927_102833.jpg
553.jpg,ordered_dataset,blueberry_muffin,100.0,232.74,375.0,100,,,,20230927_102835.jpg
533.jpg,ordered_dataset,blueberry_muffin,100.0,232.74,375.0,100,,,,20230927_102837.jpg
70.jpg,ordered_dataset,blueberry_muffin,100.0,232.74,375.0,100,,,,20230927_102839.jpg
428.jpg,ordered_dataset,blueberry_muffin,100.0,232.74,375.0,100,,,,20230927_102842.jpg
439.jpg,ordered_dataset,blueberry_muffin,100.0,232.74,375.0,100,,,,20230927_102843.jpg
344.jpg,ordered_dataset,blueberry_muffin,100.0,232.74,375.0,100,,,,20230927_102846.jpg
330.jpg,ordered_dataset,blueberry_muffin,100.0,232.74,375.0,100,,,,20230927_102847.jpg
375.jpg,ordered_dataset,blueberry_muffin,100.0,232.74,375.0,100,,,,20230927_102851.jpg
380.jpg,ordered_dataset,blueberry_muffin,100.0,224.6,375.0,100,,,,20230927_102925.jpg
322.jpg,ordered_dataset,blueberry_muffin,100.0,224.6,375.0,100,,,,20230927_102927.jpg
264.jpg,ordered_dataset,blueberry_muffin,100.0,224.6,375.0,100,,,,20230927_102928.jpg
359.jpg,ordered_dataset,blueberry_muffin,100.0,224.6,375.0,100,,,,20230927_102930.jpg
348.jpg,ordered_dataset,blueberry_muffin,100.0,224.6,375.0,100,,,,20230927_102932.jpg
415.jpg,ordered_dataset,blueberry_muffin,100.0,224.6,375.0,100,,,,20230927_102934.jpg
423.jpg,ordered_dataset,blueberry_muffin,100.0,224.6,375.0,100,,,,20230927_102936.jpg
252.jpg,ordered_dataset,blueberry_muffin,100.0,224.6,375.0,100,,,,20230927_102938.jpg
232.jpg,ordered_dataset,blueberry_muffin,100.0,224.6,375.0,100,,,,20230927_102939.jpg
549.jpg,ordered_dataset,blueberry_muffin,100.0,224.6,375.0,100,,,,20230927_102941.jpg
279.jpg,ordered_dataset,blueberry_muffin,102.0,226.71,382.5,102,,,,20230927_103014.jpg
296.jpg,ordered_dataset,blueberry_muffin,102.0,226.71,382.5,102,,,,20230927_103016.jpg
299.jpg,ordered_dataset,blueberry_muffin,102.0,226.71,382.5,102,,,,20230927_103017.jpg
367.jpg,ordered_dataset,blueberry_muffin,102.0,226.71,382.5,102,,,,20230927_103019.jpg
402.jpg,ordered_dataset,blueberry_muffin,102.0,226.71,382.5,102,,,,20230927_103021.jpg
435.jpg,ordered_dataset,blueberry_muffin,102.0,226.71,382.5,102,,,,20230927_103022.jpg
368.jpg,ordered_dataset,blueberry_muffin,102.0,226.71,382.5,102,,,,20230927_103024.jpg
336.jpg,ordered_dataset,blueberry_muffin,102.0,226.71,382.5,102,,,,20230927_103026.jpg
338.jpg,ordered_dataset,blueberry_muffin,102.0,226.71,382.5,102,,,,20230927_103027.jpg
276.jpg,ordered_dataset,blueberry_muffin,102.0,226.71,382.5,102,,,,20230927_103029.jpg
556.jpg,ordered_dataset,blueberry_muffin,98.0,218.39,367.5,98,,,,20230927_103040.jpg
565.jpg,ordered_dataset,blueberry_muffin,98.0,218.39,367.5,98,,,,20230927_103041.jpg
525.jpg,ordered_dataset,blueberry_muffin,98.0,218.39,367.5,98,,,,20230927_103042.jpg
462.jpg,ordered_dataset,blueberry_muffin,98.0,218.39,367.5,98,,,,20230927_103044.jpg
492.jpg,ordered_dataset,blueberry_muffin,98.0,218.39,367.5,98,,,,20230927_103046.jpg
495.jpg,ordered_dataset,blueberry_muffin,98.0,218.39,367.5,98,,,,20230927_103047.jpg
187.jpg,ordered_dataset,blueberry_muffin,98.0,218.39,367.5,98,,,,20230927_103049.jpg
460.jpg,ordered_dataset,blueberry_muffin,98.0,218.39,367.5,98,,,,20230927_103050.jpg
491.jpg,ordered_dataset,blueberry_muffin,98.0,218.39,367.5,98,,,,20230927_103052.jpg
559.jpg,ordered_dataset,blueberry_muffin,98.0,218.39,367.5,98,,,,20230927_103054.jpg
287.jpg,ordered_dataset,corn,210.0,263.1,367.5,210,,,,20231003_155331.jpg
206.jpg,ordered_dataset,corn,210.0,263.1,367.5,210,,,,20231003_155334.jpg
257.jpg,ordered_dataset,corn,210.0,263.1,367.5,210,,,,20231003_155336.jpg
228.jpg,ordered_dataset,corn,210.0,263.1,367.5,210,,,,20231003_155337.jpg
134.jpg,ordered_dataset,corn,210.0,263.1,367.5,210,,,,20231003_155341.jpg
64.jpg,ordered_dataset,corn,210.0,263.1,367.5,210,,,,20231003_155343.jpg
473.jpg,ordered_dataset,corn,210.0,263.1,367.5,210,,,,20231003_155349.jpg
135.jpg,ordered_dataset,corn,210.0,263.1,367.5,210,,,,20231003_155351.jpg
545.jpg,ordered_dataset,corn,210.0,263.1,367.5,210,,,,20231003_155359.jpg
546.jpg,ordered_dataset,corn,210.0,263.1,367.5,210,,,,20231003_155401.jpg
555.jpg,ordered_dataset,corn,245.0,306.95,240.1,245,,,,20231003_155549.jpg
90.jpg,ordered_dataset,corn,245.0,306.95,240.1,245,,,,20231003_155550.jpg
180.jpg,ordered_dataset,corn,245.0,306.95,240.1,245,,,,20231003_155554.jpg
162.jpg,ordered_dataset,corn,245.0,306.95,240.1,245,,,,20231003_155556.jpg
149.jpg,ordered_dataset,corn,245.0,306.95,240.1,245,,,,20231003_155557.jpg
538.jpg,ordered_dataset,corn,245.0,306.95,240.1,245,,,,20231003_155601.jpg
575.jpg,ordered_dataset,corn,245.0,306.95,240.1,245,,,,20231003_155602.jpg
143.jpg,ordered_dataset,corn,245.0,306.95,240.1,245,,,,20231003_155609.jpg
539.jpg,ordered_dataset,corn,245.0,306.95,240.1,245,,,,20231003_155615.jpg
142.jpg,ordered_dataset,corn,245.0,306.95,240.1,245,,,,20231003_155621.jpg
331.jpg,ordered_dataset,corn,237.0,296.93,232.6,237,,,,20231003_155936.jpg
342.jpg,ordered_dataset,corn,237.0,296.93,232.6,237,,,,20231003_155937.jpg
270.jpg,ordered_dataset,corn,237.0,296.93,232.6,237,,,,20231003_155939.jpg
456.jpg,ordered_dataset,corn,237.0,296.93,232.6,237,,,,20231003_155941.jpg
554.jpg,ordered_dataset,corn,237.0,296.93,232.6,237,,,,20231003_155944.jpg
529.jpg,ordered_dataset,corn,237.0,296.93,232.6,237,,,,20231003_155946.jpg
95.jpg,ordered_dataset,corn,237.0,296.93,232.6,237,,,,20231003_155949.jpg
570.jpg,ordered_dataset,corn,237.0,296.93,232.6,237,,,,20231003_155951.jpg
520.jpg,ordered_dataset,corn,237.0,296.93,232.6,237,,,,20231003_155953.jpg
488.jpg,ordered_dataset,corn,237.0,296.93,232.6,237,,,,20231003_155956.jpg
373.jpg,ordered_dataset,broccoli,17.0,30.81,5.78,17,,,,20231003_160031.jpg
332.jpg,ordered_dataset,broccoli,17.0,30.81,5.78,17,,,,20231003_160033.jpg
406.jpg,ordered_dataset,broccoli,17.0,30.81,5.78,17,,,,20231003_160034.jpg
431.jpg,ordered_dataset,broccoli,17.0,30.81,5.78,17,,,,20231003_160036.jpg
437.jpg,ordered_dataset,broccoli,17.0,30.81,5.78,17,,,,20231003_160037.jpg
566.jpg,ordered_dataset,broccoli,17.0,30.81,5.78,17,,,,20231003_160040.jpg
517.jpg,ordered_dataset,broccoli,17.0,30.81,5.78,17,,,,20231003_160042.jpg
530.jpg,ordered_dataset,broccoli,17.0,30.81,5.78,17,,,,20231003_160043.jpg
499.jpg,ordered_dataset,broccoli,17.0,30.81,5.78,17,,,,20231003_160046.jpg
485.jpg,ordered_dataset,broccoli,17.0,30.81,5.78,17,,,,20231003_160047.jpg
572.jpg,ordered_dataset,broccoli,13.0,23.56,4.42,13,,,,20231003_160120.jpg
513.jpg,ordered_dataset,broccoli,13.0,23.56,4.42,13,,,,20231003_160122.jpg
534.jpg,ordered_dataset,broccoli,13.0,23.56,4.42,13,,,,20231003_160123.jpg
470.jpg,ordered_dataset,broccoli,13.0,23.56,4.42,13,,,,20231003_160125.jpg
481.jpg,ordered_dataset,broccoli,13.0,23.56,4.42,13,,,,20231003_160127.jpg
452.jpg,ordered_dataset,broccoli,13.0,23.56,4.42,13,,,,20231003_160130.jpg
478.jpg,ordered_dataset,broccoli,13.0,23.56,4.42,13,,,,20231003_160133.jpg
512.jpg,ordered_dataset,broccoli,13.0,23.56,4.42,13,,,,20231003_160136.jpg
99.jpg,ordered_dataset,broccoli,13.0,23.56,4.42,13,,,,20231003_160138.jpg
409.jpg,ordered_dataset,broccoli,13.0,23.56,4.42,13,,,,20231003_160140.jpg
216.jpg,ordered_dataset,broccoli,18.0,32.62,6.12,18,,,,20231003_160210.jpg
220.jpg,ordered_dataset,broccoli,18.0,32.62,6.12,18,,,,20231003_160211.jpg
240.jpg,ordered_dataset,broccoli,18.0,32.62,6.12,18,,,,20231003_160213.jpg
298.jpg,ordered_dataset,broccoli,18.0,32.62,6.12,18,,,,20231003_160214.jpg
278.jpg,ordered_dataset,broccoli,18.0,32.62,6.12,18,,,,20231003_160217.jpg
337.jpg,ordered_dataset,broccoli,18.0,32.62,6.12,18,,,,20231003_160218.jpg
398.jpg,ordered_dataset,broccoli,18.0,32.62,6.12,18,,,,20231003_160223.jpg
335.jpg,ordered_dataset,broccoli,18.0,32.62,6.12,18,,,,20231003_160225.jpg
295.jpg,ordered_dataset,broccoli,18.0,32.62,6.12,18,,,,20231003_160229.jpg
339.jpg,ordered_dataset,broccoli,18.0,32.62,6.12,18,,,,20231003_160230.jpg
139.jpg,ordered_dataset,broccoli,26.0,47.12,8.84,26,,,,20231003_160301.jpg
168.jpg,ordered_dataset,broccoli,26.0,47.12,8.84,26,,,,20231003_160302.jpg
202.jpg,ordered_dataset,broccoli,26.0,47.12,8.84,26,,,,20231003_160303.jpg
106.jpg,ordered_dataset,broccoli,26.0,47.12,8.84,26,,,,20231003_160304.jpg
543.jpg,ordered_dataset,broccoli,26.0,47.12,8.84,26,,,,20231003_160309.jpg
104.jpg,ordered_dataset,broccoli,26.0,47.12,8.84,26,,,,20231003_160310.jpg
133.jpg,ordered_dataset,broccoli,26.0,47.12,8.84,26,,,,20231003_160311.jpg
137.jpg,ordered_dataset,broccoli,26.0,47.12,8.84,26,,,,20231003_160315.jpg
170.jpg,ordered_dataset,broccoli,26.0,47.12,8.84,26,,,,20231003_160316.jpg
506.jpg,ordered_dataset,broccoli,26.0,47.12,8.84,26,,,,20231003_160318.jpg
203.jpg,ordered_dataset,avocado,216.0,223.6,345.6,216,,,,20231003_160459.jpg
79.jpg,ordered_dataset,avocado,216.0,223.6,345.6,216,,,,20231003_160501.jpg
184.jpg,ordered_dataset,avocado,216.0,223.6,345.6,216,,,,20231003_160510.jpg
154.jpg,ordered_dataset,avocado,216.0,223.6,345.6,216,,,,20231003_160513.jpg
78.jpg,ordered_dataset,avocado,216.0,223.6,345.6,216,,,,20231003_160515.jpg
558.jpg,ordered_dataset,avocado,216.0,223.6,345.6,216,,,,20231003_160519.jpg
464.jpg,ordered_dataset,avocado,216.0,223.6,345.6,216,,,,20231003_160521.jpg
498.jpg,ordered_dataset,avocado,216.0,223.6,345.6,216,,,,20231003_160522.jpg
564.jpg,ordered_dataset,avocado,216.0,223.6,345.6,216,,,,20231003_160530.jpg
562.jpg,ordered_dataset,avocado,216.0,223.6,345.6,216,,,,20231003_160531.jpg
407.jpg,ordered_dataset,avocado,243.0,251.55,388.8,243,,,,20231003_160626.jpg
214.jpg,ordered_dataset,avocado,243.0,251.55,388.8,243,,,,20231003_160628.jpg
426.jpg,ordered_dataset,avocado,243.0,251.55,388.8,243,,,,20231003_160630.jpg
412.jpg,ordered_dataset,avocado,243.0,251.55,388.8,243,,,,20231003_160632.jpg
347.jpg,ordered_dataset,avocado,243.0,251.55,388.8,243,,,,20231003_160634.jpg
308.jpg,ordered_dataset,avocado,243.0,251.55,388.8,243,,,,20231003_160638.jpg
479.jpg,ordered_dataset,avocado,243.0,251.55,388.8,243,,,,20231003_160641.jpg
571.jpg,ordered_dataset,avocado,243.0,251.55,388.8,243,,,,20231003_160646.jpg
552.jpg,ordered_dataset,avocado,243.0,251.55,388.8,243,,,,20231003_160647.jpg
511.jpg,ordered_dataset,avocado,243.0,251.55,388.8,243,,,,20231003_160650.jpg
514.jpg,ordered_dataset,avocado,208.0,214.74,332.8,208,,,,20231003_160718.jpg
500.jpg,ordered_dataset,avocado,208.0,214.74,332.8,208,,,,20231003_160720.jpg
487.jpg,ordered_dataset,avocado,208.0,214.74,332.8,208,,,,20231003_160721.jpg
457.jpg,ordered_dataset,avocado,208.0,214.74,332.8,208,,,,20231003_160722.jpg
516.jpg,ordered_dataset,avocado,208.0,214.74,332.8,208,,,,20231003_160724.jpg
528.jpg,ordered_dataset,avocado,208.0,214.74,332.8,208,,,,20231003_160725.jpg
567.jpg,ordered_dataset,avocado,208.0,214.74,332.8,208,,,,20231003_160726.jpg
112.jpg,ordered_dataset,avocado,208.0,214.74,332.8,208,,,,20231003_160728.jpg
519.jpg,ordered_dataset,avocado,208.0,214.74,332.8,208,,,,20231003_160730.jpg
527.jpg,ordered_dataset,avocado,208.0,214.74,332.8,208,,,,20231003_160731.jpg
263.jpg,ordered_dataset,avocado,190.0,196.69,304.0,190,,,,20231003_160809.jpg
357.jpg,ordered_dataset,avocado,190.0,196.69,304.0,190,,,,20231003_160811.jpg
323.jpg,ordered_dataset,avocado,190.0,196.69,304.0,190,,,,20231003_160812.jpg
389.jpg,ordered_dataset,avocado,190.0,196.69,304.0,190,,,,20231003_160814.jpg
443.jpg,ordered_dataset,avocado,190.0,196.69,304.0,190,,,,20231003_160816.jpg
424.jpg,ordered_dataset,avocado,190.0,196.69,304.0,190,,,,20231003_160817.jpg
290.jpg,ordered_dataset,avocado,190.0,196.69,304.0,190,,,,20231003_160822.jpg
310.jpg,ordered_dataset,avocado,190.0,196.69,304.0,190,,,,20231003_160823.jpg
251.jpg,ordered_dataset,avocado,190.0,196.69,304.0,190,,,,20231003_160825.jpg
414.jpg,ordered_dataset,avocado,190.0,196.69,304.0,190,,,,20231003_160829.jpg
72.jpg,ordered_dataset,chicken_nugget,15.0,22.52,46.05,15,,,,20231003_160924.jpg
98.jpg,ordered_dataset,chicken_nugget,15.0,22.52,46.05,15,,,,20231003_160925.jpg
126.jpg,ordered_dataset,chicken_nugget,15.0,22.52,46.05,15,,,,20231003_160926.jpg
111.jpg,ordered_dataset,chicken_nugget,15.0,22.52,46.05,15,,,,20231003_160927.jpg
71.jpg,ordered_dataset,chicken_nugget,15.0,22.52,46.05,15,,,,20231003_160930.jpg
125.jpg,ordered_dataset,chicken_nugget,15.0,22.52,46.05,15,,,,20231003_160932.jpg
199.jpg,ordered_dataset,chicken_nugget,15.0,22.52,46.05,15,,,,20231003_160934.jpg
177.jpg,ordered_dataset,chicken_nugget,15.0,22.52,46.05,15,,,,20231003_160935.jpg
454.jpg,ordered_dataset,chicken_nugget,15.0,22.52,46.05,15,,,,20231003_160939.jpg
267.jpg,ordered_dataset,chicken_nugget,15.0,22.52,46.05,15,,,,20231003_160941.jpg
231.jpg,ordered_dataset,chicken_nugget,15.0,22.52,46.05,15,,,,20231003_161045.jpg
224.jpg,ordered_dataset,chicken_nugget,15.0,22.52,46.05,15,,,,20231003_161047.jpg
386.jpg,ordered_dataset,chicken_nugget,15.0,22.52,46.05,15,,,,20231003_161049.jpg
255.jpg,ordered_dataset,chicken_nugget,15.0,22.52,46.05,15,,,,20231003_161050.jpg
208.jpg,ordered_dataset,chicken_nugget,15.0,22.52,46.05,15,,,,20231003_161052.jpg
259.jpg,ordered_dataset,chicken_nugget,15.0,22.52,46.05,15,,,,20231003_161054.jpg
314.jpg,ordered_dataset,chicken_nugget,15.0,22.52,46.05,15,,,,20231003_161056.jpg
355.jpg,ordered_dataset,chicken_nugget,15.0,22.52,46.05,15,,,,20231003_161058.jpg
381.jpg,ordered_dataset,chicken_nugget,15.0,22.52,46.05,15,,,,20231003_161059.jpg
396.jpg,ordered_dataset,chicken_nugget,15.0,22.52,46.05,15,,,,20231003_161101.jpg
400.jpg,ordered_dataset,chicken_nugget,14.0,21.02,42.98,14,,,,20231003_161129.jpg
242.jpg,ordered_dataset,chicken_nugget,14.0,21.02,42.98,14,,,,20231003_161131.jpg
275.jpg,ordered_dataset,chicken_nugget,14.0,21.02,42.98,14,,,,20231003_161134.jpg
300.jpg,ordered_dataset,chicken_nugget,14.0,21.02,42.98,14,,,,20231003_161136.jpg
366.jpg,ordered_dataset,chicken_nugget,14.0,21.02,42.98,14,,,,20231003_161138.jpg
182.jpg,ordered_dataset,chicken_nugget,14.0,21.02,42.98,14,,,,20231003_161140.jpg
160.jpg,ordered_dataset,chicken_nugget,14.0,21.02,42.98,14,,,,20231003_161142.jpg
117.jpg,ordered_dataset,chicken_nugget,14.0,21.02,42.98,14,,,,20231003_161146.jpg
563.jpg,ordered_dataset,chicken_nugget,14.0,21.02,42.98,14,,,,20231003_161148.jpg
560.jpg,ordered_dataset,chicken_nugget,14.0,21.02,42.98,14,,,,20231003_161149.jpg
453.jpg,ordered_dataset,chicken_nugget,15.0,22.52,46.05,15,,,,20231003_161212.jpg
469.jpg,ordered_dataset,chicken_nugget,15.0,22.52,46.05,15,,,,20231003_161213.jpg
537.jpg,ordered_dataset,chicken_nugget,15.0,22.52,46.05,15,,,,20231003_161215.jpg
574.jpg,ordered_dataset,chicken_nugget,15.0,22.52,46.05,15,,,,20231003_161216.jpg
108.jpg,ordered_dataset,chicken_nugget,15.0,22.52,46.05,15,,,,20231003_161218.jpg
128.jpg,ordered_dataset,chicken_nugget,15.0,22.52,46.05,15,,,,20231003_161219.jpg
144.jpg,ordered_dataset,chicken_nugget,15.0,22.52,46.05,15,,,,20231003_161221.jpg
110.jpg,ordered_dataset,chicken_nugget,15.0,22.52,46.05,15,,,,20231003_161224.jpg
127.jpg,ordered_dataset,chicken_nugget,15.0,22.52,46.05,15,,,,20231003_161225.jpg
535.jpg,ordered_dataset,chicken_nugget,15.0,22.52,46.05,15,,,,20231003_161229.jpg
94.jpg,ordered_dataset,biscuit,45.0,112.36,166.5,45,,,,20231003_161346.jpg
518.jpg,ordered_dataset,biscuit,45.0,112.36,166.5,45,,,,20231003_161348.jpg
114.jpg,ordered_dataset,biscuit,45.0,112.36,166.5,45,,,,20231003_161350.jpg
122.jpg,ordered_dataset,biscuit,45.0,112.36,166.5,45,,,,20231003_161351.jpg
75.jpg,ordered_dataset,biscuit,45.0,112.36,166.5,45,,,,20231003_161353.jpg
198.jpg,ordered_dataset,biscuit,45.0,112.36,166.5,45,,,,20231003_161357.jpg
466.jpg,ordered_dataset,biscuit,45.0,112.36,166.5,45,,,,20231003_161401.jpg
489.jpg,ordered_dataset,biscuit,45.0,112.36,166.5,45,,,,20231003_161403.jpg
532.jpg,ordered_dataset,biscuit,45.0,112.36,166.5,45,,,,20231003_161407.jpg
73.jpg,ordered_dataset,biscuit,45.0,112.36,166.5,45,,,,20231003_161409.jpg
211.jpg,ordered_dataset,biscuit,46.0,114.86,170.2,46,,,,20231003_161522.jpg
222.jpg,ordered_dataset,biscuit,46.0,114.86,170.2,46,,,,20231003_161523.jpg
282.jpg,ordered_dataset,biscuit,46.0,114.86,170.2,46,,,,20231003_161525.jpg
292.jpg,ordered_dataset,biscuit,46.0,114.86,170.2,46,,,,20231003_161527.jpg
377.jpg,ordered_dataset,biscuit,46.0,114.86,170.2,46,,,,20231003_161529.jpg
265.jpg,ordered_dataset,biscuit,46.0,114.86,170.2,46,,,,20231003_161530.jpg
306.jpg,ordered_dataset,biscuit,46.0,114.86,170.2,46,,,,20231003_161532.jpg
248.jpg,ordered_dataset,biscuit,46.0,114.86,170.2,46,,,,20231003_161534.jpg
234.jpg,ordered_dataset,biscuit,46.0,114.86,170.2,46,,,,20231003_161535.jpg
69.jpg,ordered_dataset,biscuit,46.0,114.86,170.2,46,,,,20231003_161541.jpg
557.jpg,ordered_dataset,biscuit,45.0,112.36,166.5,45,,,,20231003_161613.jpg
493.jpg,ordered_dataset,biscuit,45.0,112.36,166.5,45,,,,20231003_161615.jpg
461.jpg,ordered_dataset,biscuit,45.0,112.36,166.5,45,,,,20231003_161617.jpg
153.jpg,ordered_dataset,biscuit,45.0,112.36,166.5,45,,,,20231003_161619.jpg
116.jpg,ordered_dataset,biscuit,45.0,112.36,166.5,45,,,,20231003_161620.jpg
83.jpg,ordered_dataset,biscuit,45.0,112.36,166.5,45,,,,20231003_161623.jpg
150.jpg,ordered_dataset,biscuit,45.0,112.36,166.5,45,,,,20231003_161625.jpg
191.jpg,ordered_dataset,biscuit,45.0,112.36,166.5,45,,,,20231003_161627.jpg
192.jpg,ordered_dataset,biscuit,45.0,112.36,166.5,45,,,,20231003_161633.jpg
119.jpg,ordered_dataset,biscuit,45.0,112.36,166.5,45,,,,20231003_161634.jpg
227.jpg,ordered_dataset,apple,188.0,243.52,110.92,188,,,,20231003_161709.jpg
445.jpg,ordered_dataset,apple,188.0,243.52,110.92,188,,,,20231003_161711.jpg
419.jpg,ordered_dataset,apple,188.0,243.52,110.92,188,,,,20231003_161712.jpg
384.jpg,ordered_dataset,apple,188.0,243.52,110.92,188,,,,20231003_161713.jpg
312.jpg,ordered_dataset,apple,188.0,243.52,110.92,188,,,,20231003_161718.jpg
288.jpg,ordered_dataset,apple,188.0,243.52,110.92,188,,,,20231003_161719.jpg
225.jpg,ordered_dataset,apple,188.0,243.52,110.92,188,,,,20231003_161721.jpg
253.jpg,ordered_dataset,apple,188.0,243.52,110.92,188,,,,20231003_161722.jpg
316.jpg,ordered_dataset,apple,188.0,243.52,110.92,188,,,,20231003_161724.jpg
285.jpg,ordered_dataset,apple,188.0,243.52,110.92,188,,,,20231003_161727.jpg
101.jpg,ordered_dataset,apple,196.0,253.88,115.64,196,,,,20231003_161756.jpg
66.jpg,ordered_dataset,apple,196.0,253.88,115.64,196,,,,20231003_161757.jpg
541.jpg,ordered_dataset,apple,196.0,253.88,115.64,196,,,,20231003_161759.jpg
193.jpg,ordered_dataset,apple,196.0,253.88,115.64,196,,,,20231003_161800.jpg
181.jpg,ordered_dataset,apple,196.0,253.88,115.64,196,,,,20231003_161801.jpg
161.jpg,ordered_dataset,apple,196.0,253.88,115.64,196,,,,20231003_161803.jpg
91.jpg,ordered_dataset,apple,196.0,253.88,115.64,196,,,,20231003_161805.jpg
121.jpg,ordered_dataset,apple,196.0,253.88,115.64,196,,,,20231003_161806.jpg
92.jpg,ordered_dataset,apple,196.0,253.88,115.64,196,,,,20231003_161811.jpg
115.jpg,ordered_dataset,apple,196.0,253.88,115.64,196,,,,20231003_161813.jpg
392.jpg,ordered_dataset,apple,190.0,246.11,112.1,190,,,,20231003_161840.jpg
405.jpg,ordered_dataset,apple,190.0,246.11,112.1,190,,,,20231003_161841.jpg
433.jpg,ordered_dataset,apple,190.0,246.11,112.1,190,,,,20231003_161843.jpg
372.jpg,ordered_dataset,apple,190.0,246.11,112.1,190,,,,20231003_161844.jpg
363.jpg,ordered_dataset,apple,190.0,246.11,112.1,190,,,,20231003_161845.jpg
272.jpg,ordered_dataset,apple,190.0,246.11,112.1,190,,,,20231003_161849.jpg
340.jpg,ordered_dataset,apple,190.0,246.11,112.1,190,,,,20231003_161853.jpg
395.jpg,ordered_dataset,apple,190.0,246.11,112.1,190,,,,20231003_161854.jpg
404.jpg,ordered_dataset,apple,190.0,246.11,112.1,190,,,,20231003_161855.jpg
432.jpg,ordered_dataset,apple,190.0,246.11,112.1,190,,,,20231003_161857.jpg
446.jpg,ordered_dataset,apple,186.0,240.93,109.74,186,,,,20231003_161936.jpg
421.jpg,ordered_dataset,apple,186.0,240.93,109.74,186,,,,20231003_161937.jpg
229.jpg,ordered_dataset,apple,186.0,240.93,109.74,186,,,,20231003_161938.jpg
547.jpg,ordered_dataset,apple,186.0,240.93,109.74,186,,,,20231003_161940.jpg
544.jpg,ordered_dataset,apple,186.0,240.93,109.74,186,,,,20231003_161942.jpg
447.jpg,ordered_dataset,apple,186.0,240.93,109.74,186,,,,20231003_161945.jpg
475.jpg,ordered_dataset,apple,186.0,240.93,109.74,186,,,,20231003_161946.jpg
508.jpg,ordered_dataset,apple,186.0,240.93,109.74,186,,,,20231003_161947.jpg
205.jpg,ordered_dataset,apple,186.0,240.93,109.74,186,,,,20231003_161948.jpg
448.jpg,ordered_dataset,apple,186.0,240.93,109.74,186,,,,20231003_161951.jpg
471.jpg,ordered_dataset,strawberry,18.0,20.26,6.48,18,,,,20231003_162054.jpg
480.jpg,ordered_dataset,strawberry,18.0,20.26,6.48,18,,,,20231003_162056.jpg
505.jpg,ordered_dataset,strawberry,18.0,20.26,6.48,18,,,,20231003_162057.jpg
173.jpg,ordered_dataset,strawberry,18.0,20.26,6.48,18,,,,20231003_162059.jpg
123.jpg,ordered_dataset,strawberry,18.0,20.26,6.48,18,,,,20231003_162102.jpg
195.jpg,ordered_dataset,strawberry,18.0,20.26,6.48,18,,,,20231003_162104.jpg
148.jpg,ordered_dataset,strawberry,18.0,20.26,6.48,18,,,,20231003_162106.jpg
194.jpg,ordered_dataset,strawberry,18.0,20.26,6.48,18,,,,20231003_162110.jpg
179.jpg,ordered_dataset,strawberry,18.0,20.26,6.48,18,,,,20231003_162111.jpg
96.jpg,ordered_dataset,strawberry,18.0,20.26,6.48,18,,,,20231003_162115.jpg
569.jpg,ordered_dataset,strawberry,23.0,25.89,8.28,23,,,,20231003_162125.jpg
526.jpg,ordered_dataset,strawberry,23.0,25.89,8.28,23,,,,20231003_162126.jpg
77.jpg,ordered_dataset,strawberry,23.0,25.89,8.28,23,,,,20231003_162128.jpg
93.jpg,ordered_dataset,strawberry,23.0,25.89,8.28,23,,,,20231003_162129.jpg
568.jpg,ordered_dataset,strawberry,23.0,25.89,8.28,23,,,,20231003_162131.jpg
467.jpg,ordered_dataset,strawberry,23.0,25.89,8.28,23,,,,20231003_162134.jpg
486.jpg,ordered_dataset,strawberry,23.0,25.89,8.28,23,,,,20231003_162136.jpg
501.jpg,ordered_dataset,strawberry,23.0,25.89,8.28,23,,,,20231003_162137.jpg
197.jpg,ordered_dataset,strawberry,23.0,25.89,8.28,23,,,,20231003_162138.jpg
374.jpg,ordered_dataset,strawberry,23.0,25.89,8.28,23,,,,20231003_162140.jpg
333.jpg,ordered_dataset,strawberry,16.0,18.01,5.76,16,,,,20231003_162156.jpg
341.jpg,ordered_dataset,strawberry,16.0,18.01,5.76,16,,,,20231003_162157.jpg
280.jpg,ordered_dataset,strawberry,16.0,18.01,5.76,16,,,,20231003_162158.jpg
271.jpg,ordered_dataset,strawberry,16.0,18.01,5.76,16,,,,20231003_162159.jpg
226.jpg,ordered_dataset,strawberry,16.0,18.01,5.76,16,,,,20231003_162200.jpg
230.jpg,ordered_dataset,strawberry,16.0,18.01,5.76,16,,,,20231003_162202.jpg
289.jpg,ordered_dataset,strawberry,16.0,18.01,5.76,16,,,,20231003_162204.jpg
311.jpg,ordered_dataset,strawberry,16.0,18.01,5.76,16,,,,20231003_162205.jpg
261.jpg,ordered_dataset,strawberry,16.0,18.01,5.76,16,,,,20231003_162207.jpg
319.jpg,ordered_dataset,strawberry,16.0,18.01,5.76,16,,,,20231003_162208.jpg
155.jpg,ordered_dataset,strawberry,16.0,18.01,5.76,16,,,,20231003_162304.jpg
190.jpg,ordered_dataset,strawberry,16.0,18.01,5.76,16,,,,20231003_162306.jpg
185.jpg,ordered_dataset,strawberry,16.0,18.01,5.76,16,,,,20231003_162307.jpg
490.jpg,ordered_dataset,strawberry,16.0,18.01,5.76,16,,,,20231003_162308.jpg
496.jpg,ordered_dataset,strawberry,16.0,18.01,5.76,16,,,,20231003_162309.jpg
159.jpg,ordered_dataset,strawberry,16.0,18.01,5.76,16,,,,20231003_162311.jpg
186.jpg,ordered_dataset,strawberry,16.0,18.01,5.76,16,,,,20231003_162313.jpg
89.jpg,ordered_dataset,strawberry,16.0,18.01,5.76,16,,,,20231003_162317.jpg
524.jpg,ordered_dataset,strawberry,16.0,18.01,5.76,16,,,,20231003_162318.jpg
521.jpg,ordered_dataset,strawberry,16.0,18.01,5.76,16,,,,20231003_162319.jpg
243.jpg,ordered_dataset,cinnamon_roll,96.0,280.36,433.92,96,,,,20231003_162405.jpg
217.jpg,ordered_dataset,cinnamon_roll,96.0,280.36,433.92,96,,,,20231003_162407.jpg
403.jpg,ordered_dataset,cinnamon_roll,96.0,280.36,433.92,96,,,,20231003_162409.jpg
245.jpg,ordered_dataset,cinnamon_roll,96.0,280.36,433.92,96,,,,20231003_162411.jpg
277.jpg,ordered_dataset,cinnamon_roll,96.0,280.36,433.92,96,,,,20231003_162415.jpg
297.jpg,ordered_dataset,cinnamon_roll,96.0,280.36,433.92,96,,,,20231003_162416.jpg
399.jpg,ordered_dataset,cinnamon_roll,96.0,280.36,433.92,96,,,,20231003_162420.jpg
434.jpg,ordered_dataset,cinnamon_roll,96.0,280.36,433.92,96,,,,20231003_162422.jpg
369.jpg,ordered_dataset,cinnamon_roll,96.0,280.36,433.92,96,,,,20231003_162424.jpg
334.jpg,ordered_dataset,cinnamon_roll,96.0,280.36,433.92,96,,,,20231003_162426.jpg
522.jpg,ordered_dataset,cinnamon_roll,76.0,221.95,343.52,76,,,,20231003_162457.jpg
82.jpg,ordered_dataset,cinnamon_roll,76.0,221.95,343.52,76,,,,20231003_162458.jpg
86.jpg,ordered_dataset,cinnamon_roll,76.0,221.95,343.52,76,,,,20231003_162459.jpg
201.jpg,ordered_dataset,cinnamon_roll,76.0,221.95,343.52,76,,,,20231003_162500.jpg
172.jpg,ordered_dataset,cinnamon_roll,76.0,221.95,343.52,76,,,,20231003_162501.jpg
165.jpg,ordered_dataset,cinnamon_roll,76.0,221.95,343.52,76,,,,20231003_162503.jpg
102.jpg,ordered_dataset,cinnamon_roll,76.0,221.95,343.52,76,,,,20231003_162505.jpg
131.jpg,ordered_dataset,cinnamon_roll,76.0,221.95,343.52,76,,,,20231003_162506.jpg
548.jpg,ordered_dataset,cinnamon_roll,76.0,221.95,343.52,76,,,,20231003_162508.jpg
576.jpg,ordered_dataset,cinnamon_roll,76.0,221.95,343.52,76,,,,20231003_162509.jpg
387.jpg,ordered_dataset,cinnamon_roll,65.0,189.83,293.8,65,,,,20231003_162540.jpg
417.jpg,ordered_dataset,cinnamon_roll,65.0,189.83,293.8,65,,,,20231003_162541.jpg
422.jpg,ordered_dataset,cinnamon_roll,65.0,189.83,293.8,65,,,,20231003_162543.jpg
382.jpg,ordered_dataset,cinnamon_roll,65.0,189.83,293.8,65,,,,20231003_162544.jpg
353.jpg,ordered_dataset,cinnamon_roll,65.0,189.83,293.8,65,,,,20231003_162545.jpg
350.jpg,ordered_dataset,cinnamon_roll,65.0,189.83,293.8,65,,,,20231003_162547.jpg
284.jpg,ordered_dataset,cinnamon_roll,65.0,189.83,293.8,65,,,,20231003_162548.jpg
317.jpg,ordered_dataset,cinnamon_roll,65.0,189.83,293.8,65,,,,20231003_162552.jpg
352.jpg,ordered_dataset,cinnamon_roll,65.0,189.83,293.8,65,,,,20231003_162553.jpg
388.jpg,ordered_dataset,cinnamon_roll,65.0,189.83,293.8,65,,,,20231003_162554.jpg
573.jpg,ordered_dataset,cinnamon_roll,91.0,265.76,411.32,91,,,,20231003_162737.jpg
109.jpg,ordered_dataset,cinnamon_roll,91.0,265.76,411.32,91,,,,20231003_162739.jpg
442.jpg,ordered_dataset,cinnamon_roll,91.0,265.76,411.32,91,,,,20231003_162740.jpg
390.jpg,ordered_dataset,cinnamon_roll,91.0,265.76,411.32,91,,,,20231003_162742.jpg
411.jpg,ordered_dataset,cinnamon_roll,91.0,265.76,411.32,91,,,,20231003_162743.jpg
325.jpg,ordered_dataset,cinnamon_roll,91.0,265.76,411.32,91,,,,20231003_162744.jpg
346.jpg,ordered_dataset,cinnamon_roll,91.0,265.76,411.32,91,,,,20231003_162745.jpg
379.jpg,ordered_dataset,cinnamon_roll,91.0,265.76,411.32,91,,,,20231003_162746.jpg
360.jpg,ordered_dataset,cinnamon_roll,91.0,265.76,411.32,91,,,,20231003_162747.jpg
307.jpg,ordered_dataset,cinnamon_roll,91.0,265.76,411.32,91,,,,20231003_162749.jpg
46.jpg,dataset_foods,"Cucumber,Chicken,Rice",,,,572,2.0,1.0,202.923,CH_05_4_png.rf.f0912c7eeceb5852b81ddcf9273c8169.jpg
47.jpg,dataset_foods,"Cucumber,Mushrooms,Salad Leaves,Rice",,,,395,3.0,1.0,226.654,CH_01_15_png.rf.7b38ab485dba0793443bf71ef9ac0412.jpg
48.jpg,dataset_foods,"Cucumber,Mushrooms,Chicken,Rice,Salad Leaves",,,,495,4.0,1.0,274.177,CH_01_19_png.rf.a35d28ddb65a0593562d4c0eb04c212b.jpg
49.jpg,dataset_foods,"Rice,Mushrooms,Cucumber,Chicken",,,,577,5.0,1.0,704.522,CH_01_23_png.rf.17c2c67902255116886b26dbe123bc68.jpg
1.jpeg,dataset_foods,Bread,,,,26,6.0,1.0,28.757,82BA65C0-A6C9-431D-A655-AED7734AF98D_1_105_c.jpeg
IMG_0127.JPEG,dataset_foods,Feta,,,,82,7.0,1.0,125.838,IMG_0127.JPEG
50.jpg,dataset_foods,"Rice,Salad Leaves,Chicken",,,,282,8.0,1.0,265.981,FR_01_1_png.rf.f9e64b6d35f6fa18a9763a9f1906aab8.jpg
51.jpg,dataset_foods,"Eggs,Mushrooms,Salad Leaves,Rice,Chicken",,,,440,9.0,1.0,262.644,CH_01_28_png.rf.1b29ae227f9e6b9a111c4f02725af344.jpg
2.jpeg,dataset_foods,Eggs,,,,63,10.0,1.0,103.401,B4FD1554-0EC1-40E9-897E-5AA93670E8BA_1_105_c.jpeg
IMG_0131.JPEG,dataset_foods,Rice,,,,233,11.0,1.0,70.966,IMG_0131.JPEG
IMG_0074.JPEG,dataset_foods,"Potatos,Green Beans,Carrots",,,,205,12.0,1.0,206.992,IMG_0074.JPEG
3.jpeg,dataset_foods,Bread,,,,30,13.0,1.0,52.314,6C353C27-BEB1-4789-8199-D03484E0E283_1_105_c.jpeg
52.jpg,dataset_foods,"Rice,Mushrooms,Chicken,Cucumber",,,,369,16.0,1.0,167.222,CH_01_13_png.rf.226924db22cdd1d1ba2c886e7b7a4c9f.jpg
4.jpeg,dataset_foods,Burgers,,,,200,14.0,1.0,76.696,C212E2FB-035B-4B23-8D04-6D3C97593412_1_105_c.jpeg
5.jpeg,dataset_foods,Bread,,,,26,15.0,1.0,34.029,30399EB9-DF4F-419D-9545-B46224DAA30E_1_105_c.jpeg
6.jpeg,dataset_foods,"Peas,Potatos,Onions,Carrots",,,,521,17.0,1.0,284.75899999999996,D496C663-97C3-49F5-BEEE-8AD0E2BC7A9E_1_105_c.jpeg
53.jpg,dataset_foods,"Rice,Chicken,Salad Leaves",,,,350,18.0,1.0,77.373,CH_01_9_png.rf.63a8472776b34b0f9a3ef0c12c2350a4.jpg
IMG_0078.JPEG,dataset_foods,Feta,,,,81,19.0,1.0,72.9,IMG_0078.JPEG
7.jpeg,dataset_foods,Feta,,,,82,20.0,1.0,142.094,5706202B-52A0-414C-861E-A0BED2B0C51F_1_105_c.jpeg
8.jpeg,dataset_foods,"Peas,Potatos",,,,171,21.0,1.0,166.552,08B185B7-E19F-4145-80A1-CB2B11CA24D3_1_105_c.jpeg
9.jpeg,dataset_foods,Burgers,,,,200,22.0,1.0,89.0,F523C6E6-9361-44B2-A823-C51F9A6FD4AE_1_105_c.jpeg
10.jpeg,dataset_foods,Pasta,,,,551,23.0,1.0,61.684,A8A096A7-267B-4EC8-AEF4-3A0ACB8349D2_1_105_c.jpeg
IMG_0146.JPEG,dataset_foods,"Gemista,Carrots",,,,123,24.0,1.0,54.316,IMG_0146.JPEG
IMG_0150.JPEG,dataset_foods,"Giouvetsi,Cheese",,,,365,25.0,1.0,88.936,IMG_0150.JPEG
11.jpeg,dataset_foods,"Snails,Rice",,,,401,26.0,1.0,116.441,3BDFF12B-46D4-49F9-AD1B-836798DF9018.jpeg
12.jpeg,dataset_foods,Chicken,,,,202,27.0,1.0,50.92,C3A9EB2C-1286-42FD-B6A4-C541CE6BC127_1_105_c.jpeg
13.jpeg,dataset_foods,Pasta,,,,375,28.0,1.0,51.952,C1B5860F-A40E-4727-909C-F88A51BA1226_1_105_c.jpeg
14.jpeg,dataset_foods,Pasta,,,,417,29.0,1.0,37.578,D494E3A4-C69C-4674-9D14-2A79025305D9_1_105_c.jpeg
IMG_0147.JPEG,dataset_foods,"Gemista,Carrots",,,,123,30.0,1.0,50.327,IMG_0147.JPEG
15.jpeg,dataset_foods,Bread,,,,30,31.0,1.0,34.798,E538F898-EACD-48CC-8920-4537C0E9CE86_1_105_c.jpeg
54.jpg,dataset_foods,"Rice,Carrots",,,,282,32.0,1.0,61.071,FR_01_1_png.rf.2aaec2eaec4124a3bdc4fa5f790e3cbb.jpg
IMG_0079.JPEG,dataset_foods,Feta,,,,86,33.0,1.0,76.401,IMG_0079.JPEG
16.jpeg,dataset_foods,Feta,,,,55,34.0,1.0,25.906,FED2AC8E-C70D-4AC9-B081-4D6098CD4BDB_1_105_c.jpeg
17.jpeg,dataset_foods,Feta,,,,28,35.0,1.0,61.299,1FBD49FB-DD82-4278-8D5B-5D7D743843AE_1_105_c.jpeg
18.jpeg,dataset_foods,"Potatos,Lamb",,,,600,36.0,1.0,1137.695,F020B9D9-F198-466E-9C22-FD0C73BE9322.jpeg
19.jpeg,dataset_foods,"Gemista,Carrots",,,,123,46.0,1.0,74.973,E6E8885F-0CA2-4BAC-91FA-532A9A733B07_1_105_c.jpeg
55.jpg,dataset_foods,"Rice,Chicken,Cucumber",,,,495,37.0,1.0,161.313,CH_01_18_png.rf.b0b289ef51eceeac05a002e83325ec30.jpg
20.jpeg,dataset_foods,"Peas,Potatos,Carrots",,,,206,38.0,1.0,199.239,44853D44-31B6-47E2-86BA-9F67DE8E7453_1_105_c.jpeg
21.jpeg,dataset_foods,Pasta,,,,554,39.0,1.0,63.123,63832AEE-9EB6-4DCB-A65F-C8E60EF2685E_1_105_c.jpeg
22.jpeg,dataset_foods,Eggs,,,,57,40.0,1.0,64.728,DF710E54-B3B2-4B5A-843B-ED4BAED92445_1_105_c.jpeg
IMG_0130.JPEG,dataset_foods,Rice,,,,233,41.0,1.0,55.232,IMG_0130.JPEG
IMG_0075.JPEG,dataset_foods,Feta,,,,86,42.0,1.0,44.04,IMG_0075.JPEG
23.jpeg,dataset_foods,Feta,,,,86,43.0,1.0,41.879,939F426E-AC79-4DE8-BA7F-383F3584BD12_1_105_c.jpeg
IMG_0126.JPEG,dataset_foods,Feta,,,,79,44.0,1.0,58.048,IMG_0126.JPEG
56.jpg,dataset_foods,"Okra,Potatos",,,,324,45.0,1.0,131.3,IMG_0275.jpg
IMG_0091.JPEG,dataset_foods,Broccoli,,,,282,47.0,1.0,113.59,IMG_0091.JPEG
IMG_0117.JPEG,dataset_foods,"Potatos,Peas",,,,130,48.0,1.0,297.045,IMG_0117.JPEG
24.jpeg,dataset_foods,"Okra,Potatos",,,,324,49.0,1.0,202.946,6DEB720D-CD37-45D1-8EB8-F6A9AF886659_1_105_c.jpeg
IMG_0121.JPEG,dataset_foods,"Peas,Potatos,Carrots",,,,206,50.0,1.0,147.623,IMG_0121.JPEG
57.jpg,dataset_foods,"Okra,Potatos",,,,426,51.0,1.0,86.711,IMG_0276.jpg
IMG_0072.JPEG,dataset_foods,Green Beans,,,,215,52.0,1.0,121.74,IMG_0072.JPEG
36C7EFFA-340A-48E3-8A47-8F50B343B1EE.jpeg,dataset_foods,Potatos,,,,282,53.0,1.0,42.386,36C7EFFA-340A-48E3-8A47-8F50B343B1EE.jpeg
25.jpeg,dataset_foods,"Cheese,Eggs",,,,116,54.0,1.0,61.883,F8F08548-37D7-4B36-ABA0-E13CD6DBAEB2_1_105_c.jpeg
26.jpeg,dataset_foods,Eggs,,,,57,55.0,1.0,19.684,D536AD71-7278-40C6-8CA5-4EF53CDC00F7_1_105_c.jpeg
27.jpeg,dataset_foods,Gemista,,,,223,56.0,1.0,37.286,ED0EADB3-8358-4AE6-9B7C-46D525966DAF_1_105_c.jpeg
58.jpg,dataset_foods,Feta,,,,69,57.0,1.0,52.7,IMG_0277.jpg
28.jpeg,dataset_foods,Green Beans,,,,202,58.0,1.0,62.677,BE2FEFF1-F697-4F86-9015-15FA8306B572_1_105_c.jpeg
29.jpeg,dataset_foods,Pasta,,,,119,59.0,1.0,36.66,9D849076-36B8-4F3A-B81D-EAB97FAA984D_1_105_c.jpeg
30.jpeg,dataset_foods,Green Beans,,,,162,60.0,1.0,282.01,B7E51FED-0BA8-4EFA-A98F-9759F9926F3F_1_105_c.jpeg
31.jpeg,dataset_foods,Pasta,,,,314,61.0,1.0,40.445,9722966F-E71E-4BE2-B0B7-834431CA29D7_1_105_c.jpeg
32.jpeg,dataset_foods,"Peas,Potatos",,,,206,62.0,1.0,94.827,3149BBF8-A781-4756-B11D-AD6B4E1424E8_1_105_c.jpeg
33.jpeg,dataset_foods,Peas,,,,18,63.0,1.0,45.426,8F17D3AE-827B-4361-AB01-EA59582FBE69_1_105_c.jpeg
34.jpeg,dataset_foods,Feta,,,,86,64.0,1.0,55.479,256BF741-728B-4BD9-81C0-EFEA5E9ECBA0_1_105_c.jpeg
60.JPG,dataset_foods,Pasta,,,,559,65.0,1.0,67.115,IMG_0138.JPG
61.JPG,dataset_foods,Pasta,,,,420,66.0,1.0,51.007,att.wm3MUStfDIk7gBgTOFmB1f12YMK1RA4gClF02H83t1g.JPG
IMG_0136.JPEG,dataset_foods,Burgers,,,,200,67.0,1.0,112.129,IMG_0136.JPEG
35.jpeg,dataset_foods,Feta,,,,69,68.0,1.0,38.853,3051B32C-E220-4FBC-A873-AFC2F0E71FF4_1_105_c.jpeg
36.jpeg,dataset_foods,Other,,,,415,69.0,1.0,63.861,8DCBFBE7-1944-476D-90F0-43A3E587382C_1_105_c.jpeg
IMG_0090.JPEG,dataset_foods,Broccoli,,,,283,70.0,1.0,59.187,IMG_0090.JPEG
37.jpeg,dataset_foods,Carrots,,,,99,71.0,1.0,69.821,A3375996-0125-4A23-ABF1-A20B015E257B_1_105_c.jpeg
59.jpg,dataset_foods,Pasta,,,,370,72.0,1.0,57.361,IMG_0320.jpg
38.jpeg,dataset_foods,Rice,,,,233,73.0,1.0,661.469,57661F5C-26EB-4FEC-8368-BF9D280C2C71_1_105_c.jpeg
62.JPG,dataset_foods,Green Beans,,,,202,74.0,1.0,53.009,IMG_0080.JPG
39.jpeg,dataset_foods,Rice,,,,233,75.0,1.0,470.139,A1ABF71A-A8AB-4FAB-97AD-CC8F3A7A5BA6_1_105_c.jpeg
63.JPG,dataset_foods,"Potatos,Burgers",,,,461,76.0,1.0,104.42,IMG_0285.JPG
40.jpeg,dataset_foods,Other,,,,200,77.0,1.0,67.014,B72B7A37-29F4-437D-A349-EF2EFCA02D9C.jpeg
41.jpeg,dataset_foods,Gemista,,,,332,78.0,1.0,58.268,A641BBF6-20FC-45C7-A47B-3AE809CA6844_1_105_c.jpeg
42.jpeg,dataset_foods,Rice,,,,207,79.0,1.0,61.479,556BF7BE-8198-4B01-9FB6-33B05F103D3E_1_105_c.jpeg
43.jpeg,dataset_foods,Pasta,,,,554,80.0,1.0,176.93,90D27634-CDD6-4728-BC78-44019FC75CCA_1_105_c.jpeg
44.jpeg,dataset_foods,Giouvetsi,,,,369,81.0,1.0,58.62,994256AF-BDDF-4734-90C6-6B3390CCE60A_1_105_c.jpeg
IMG_0168.JPEG,dataset_foods,Chicken,,,,202,82.0,1.0,31.628,IMG_0168.JPEG
IMG_0149.JPEG,dataset_foods,Gemista,,,,333,83.0,1.0,34.26,IMG_0149.JPEG
45.jpeg,dataset_foods,Feta,,,,82,84.0,1.0,90.194,487E9CB3-4D03-4FC9-A526-551331504318_1_105_c.jpeg
